<?xml version="1.0" encoding="utf-8"?>
<extension type="component" version="3.0" method="upgrade">
    <name>CLS</name>
    <author>Edvard Ananyan</author>
    <creationDate>March 2010</creationDate>
    <copyright>Copyright (c) 2010 - 2016 Edvard Ananyan. All rights reserved.</copyright>
    <license>http://www.gnu.org/copyleft/gpl.html GNU/GPL</license>
    <authorEmail>edo888@gmail.com</authorEmail>
    <authorUrl>http://2glux.com</authorUrl>
    <version>3.1.2</version>
    <description>COM_CLS_DESCRIPTION</description>

    <files>
        <folder>views</folder>
        <folder>models</folder>
        <folder>controllers</folder>
        <folder>helpers</folder>
        <filename>cls.php</filename>
        <filename>cls.html.php</filename>
        <filename>controller.php</filename>
        <filename>metadata.xml</filename>
        <filename>base64.php</filename>
        <filename>lsans.ttf</filename>
        <filename>captcha.gif</filename>
        <filename>ACP-EU_NDRR-Logo-EN.png</filename>
        <filename>user_extend.xml</filename>
        <filename>index.html</filename>
    </files>

    <scriptfile>scriptfile.php</scriptfile>

    <install><sql><file driver="mysql" charset="utf8">install.cls.sql</file></sql></install>

    <uninstall><sql><file driver="mysql" charset="utf8">uninstall.cls.sql</file></sql></uninstall>

    <updateservers>
        <server type="extension" name="2GLux" priority="1">http://2glux.com/downloads/files/free/cls.xml</server>
    </updateservers>

    <languages folder="language">
        <language tag="en-GB">en-GB.com_cls.ini</language>
        <language tag="hy-AM">hy-AM.com_cls.ini</language>
    </languages>

    <administration>
        <menu img="components/com_cls/images/cls_icon.png">COM_CLS_MENU</menu>
        <submenu>
            <menu link="option=com_cls" img="components/com_cls/images/cls_icon.png">COM_CLS_SUBMENU_COMPLAINTS</menu>
            <menu link="option=com_cls&amp;view=areas" img="components/com_cls/images/categories.png">COM_CLS_SUBMENU_COMPLAINT_CATEGORIES</menu>
            <menu link="option=com_cls&amp;view=contracts" img="components/com_cls/images/contracts.png">COM_CLS_SUBMENU_CONTRACTS</menu>
            <menu link="option=com_cls&amp;view=sections" img="components/com_cls/images/sections.png">COM_CLS_SUBMENU_SECTIONS</menu>
            <menu link="option=com_cls&amp;view=SupportGroups" img="components/com_cls/images/support_groups.png">COM_CLS_SUBMENU_SUPPORT_GROUPS</menu>
            <menu link="option=com_cls&amp;view=reports" img="components/com_cls/images/statistics.png">COM_CLS_SUBMENU_STATISTICS</menu>
            <menu link="option=com_cls&amp;view=notifications" img="components/com_cls/images/activity_log.png">COM_CLS_SUBMENU_ACTIVITY_LOG</menu>
        </submenu>

        <files folder="admin">
            <filename>cls.php</filename>
            <filename>controller.php</filename>
            <filename>install.cls.sql</filename>
            <filename>uninstall.cls.sql</filename>
            <filename>config.xml</filename>
            <filename>index.html</filename>
            <folder>help</folder>
            <folder>pictures</folder>
            <folder>images</folder>
            <folder>swfupload</folder>
            <folder>views</folder>
            <folder>controllers</folder>
            <folder>models</folder>
            <folder>helpers</folder>
        </files>

        <languages folder="admin/language">
            <language tag="en-GB">en-GB.com_cls.ini</language>
            <language tag="en-GB">en-GB.com_cls.sys.ini</language>
        </languages>
    </administration>
</extension>